{"batch_size_train": 64, "batch_size_test": 512, "in_type": "normal", "rnn_type": "LeakyRNN", "use_separate_input": false, "loss_type": "lsq", "optimizer": "adam", "activation": "softplus", "tau": 100, "dt": 20, "alpha": 0.2, "sigma_rec": 0.05, "sigma_x": 0.01, "w_rec_init": "diag", "l1_h": 0, "l2_h": 0, "l1_weight": 0, "l2_weight": 0, "l2_weight_init": 0, "p_weight_train": null, "target_perf": 1.0, "n_eachring": 32, "num_ring": 2, "n_rule": 20, "rule_start": 65, "n_input": 85, "n_output": 33, "n_rnn": 256, "ruleset": "all", "save_name": "test", "learning_rate": 0.001, "c_intsyn": 0, "ksi_intsyn": 0, "seed": 0, "rule_trains": ["fdgo", "reactgo", "delaygo", "fdanti", "reactanti", "delayanti", "dm1", "dm2", "contextdm1", "contextdm2", "multidm", "delaydm1", "delaydm2", "contextdelaydm1", "contextdelaydm2", "multidelaydm", "dmsgo", "dmsnogo", "dmcgo", "dmcnogo"], "rules": ["fdgo", "reactgo", "delaygo", "fdanti", "reactanti", "delayanti", "dm1", "dm2", "contextdm1", "contextdm2", "multidm", "delaydm1", "delaydm2", "contextdelaydm1", "contextdelaydm2", "multidelaydm", "dmsgo", "dmsnogo", "dmcgo", "dmcnogo"], "rule_probs": [0.03571428571428571, 0.03571428571428571, 0.03571428571428571, 0.03571428571428571, 0.03571428571428571, 0.03571428571428571, 0.03571428571428571, 0.03571428571428571, 0.17857142857142858, 0.17857142857142858, 0.03571428571428571, 0.03571428571428571, 0.03571428571428571, 0.03571428571428571, 0.03571428571428571, 0.03571428571428571, 0.03571428571428571, 0.03571428571428571, 0.03571428571428571, 0.03571428571428571]}