{"model_dir": "/Users/mariadecesare/Documents/Research/model/working_analysis/multitask_master_v2.2/data/debug_train_all/0", "trials": [0], "times": [0.2564890384674072], "cost_fdgo": [1.4875223934650421], "creg_fdgo": [0.0], "perf_fdgo": [0.0], "cost_reactgo": [1.6945564076304436], "creg_reactgo": [0.0], "perf_reactgo": [0.0], "cost_delaygo": [1.4197890609502792], "creg_delaygo": [0.0], "perf_delaygo": [0.0], "cost_fdanti": [1.4463395848870277], "creg_fdanti": [0.0], "perf_fdanti": [0.0], "cost_reactanti": [1.587324671447277], "creg_reactanti": [0.0], "perf_reactanti": [0.0], "cost_delayanti": [1.2897578030824661], "creg_delayanti": [0.0], "perf_delayanti": [0.0], "cost_dm1": [1.8353971540927887], "creg_dm1": [0.0], "perf_dm1": [0.0], "cost_dm2": [1.65673466026783], "creg_dm2": [0.0], "perf_dm2": [0.0], "cost_contextdm1": [1.6145718917250633], "creg_contextdm1": [0.0], "perf_contextdm1": [0.0], "cost_contextdm2": [1.7796931266784668], "creg_contextdm2": [0.0], "perf_contextdm2": [0.0], "cost_multidm": [1.8078772127628326], "creg_multidm": [0.0], "perf_multidm": [0.0], "cost_delaydm1": [1.0772912241518497], "creg_delaydm1": [0.0], "perf_delaydm1": [0.0], "cost_delaydm2": [1.1312489472329617], "creg_delaydm2": [0.0], "perf_delaydm2": [0.0], "cost_contextdelaydm1": [1.056062389165163], "creg_contextdelaydm1": [0.0], "perf_contextdelaydm1": [0.0], "cost_contextdelaydm2": [1.198676984757185], "creg_contextdelaydm2": [0.0], "perf_contextdelaydm2": [0.0], "cost_multidelaydm": [1.2054642364382744], "creg_multidelaydm": [0.0], "perf_multidelaydm": [0.0], "cost_dmsgo": [1.45030827075243], "creg_dmsgo": [0.0], "perf_dmsgo": [0.505859375], "cost_dmsnogo": [1.6168475598096848], "creg_dmsnogo": [0.0], "perf_dmsnogo": [0.49609375], "cost_dmcgo": [1.2698192857205868], "creg_dmcgo": [0.0], "perf_dmcgo": [0.5390625], "cost_dmcnogo": [0.8401062395423651], "creg_dmcnogo": [0.0], "perf_dmcnogo": [0.484375], "perf_avg": [0.10126953125], "perf_min": [0.0]}