{"model_dir": "data/debug", "trials": [0], "times": [0.4248950481414795], "cost_contextdm1": [1.7611226364970207], "creg_contextdm1": [6.5537576199314884e-09], "perf_contextdm1": [0.177734375], "cost_contextdm2": [1.5188758224248886], "creg_contextdm2": [6.607607877517907e-09], "perf_contextdm2": [0.21875], "perf_avg": [0.1982421875], "perf_min": [0.177734375]}